{"text": " Dit is een nieuwe test. Klink ik nu als een cute anime girl of klink ik als een gekke Nederlandse jongen. Dat is de vraag.", "segments": [{"id": 0, "seek": 0, "start": 0.0, "end": 8.52, "text": " Dit is een nieuwe test. Klink ik nu als een cute anime girl of klink ik als een gekke Nederlandse jongen. Dat is de vraag.", "tokens": [50364, 25270, 307, 3881, 37029, 1500, 13, 16053, 475, 4320, 3822, 3907, 3881, 4052, 12435, 2013, 295, 9671, 475, 4320, 3907, 3881, 14037, 330, 31888, 405, 38678, 268, 13, 9315, 307, 368, 46485, 13, 50790], "temperature": 0.0, "avg_logprob": -0.3018410735660129, "compression_ratio": 1.3118279569892473, "no_speech_prob": 0.0310064684599638}], "language": "nl"}