{"text": " Who was Adolf Hitler?", "segments": [{"id": 0, "seek": 0, "start": 0.0, "end": 2.0, "text": " Who was Adolf Hitler?", "tokens": [50364, 2102, 390, 1999, 7491, 19038, 30, 50464], "temperature": 0.0, "avg_logprob": -0.7626197073194716, "compression_ratio": 0.7241379310344828, "no_speech_prob": 0.1023482009768486}], "language": "nl"}