{"text": " What is the capital of Brazil?", "segments": [{"id": 0, "seek": 0, "start": 0.0, "end": 2.32, "text": " What is the capital of Brazil?", "tokens": [50364, 708, 307, 264, 4238, 295, 9435, 30, 50480], "temperature": 0.0, "avg_logprob": -0.3050019025802612, "compression_ratio": 0.7894736842105263, "no_speech_prob": 0.060449130833148956}], "language": "en"}